Type,Name,Request Count,Failure Count,Median Response Time,Average Response Time,Min Response Time,Max Response Time,Average Content Size,Requests/s,Failures/s,50%,66%,75%,80%,90%,95%,98%,99%,99.9%,99.99%,100%
POST,/detect,244,0,8,8.22457442622959,2.5041250000015225,60.01800000000035,277.41803278688525,5.5353757484034585,0.0,8,9,9,9,10,11,14,17,60,60,60
,Aggregated,244,0,8,8.22457442622959,2.5041250000015225,60.01800000000035,277.41803278688525,5.5353757484034585,0.0,8,9,9,9,10,11,14,17,60,60,60
